{"boundaryID": "SOM-ADM0-1309446", "boundaryISO": "SOM", "boundaryYear": "2021", "boundaryType": "ADM0", "boundarySource": "United National Development Programme (UNDP), OCHA Somalia", "boundaryCanonical": "Somalia", "boundaryLicense": "Creative Commons Attribution 3.0 Intergovernmental Organisations (CC BY 3.0 IGO)", "licenseDetail": "", "licenseSource": "https//data.humdata.org/dataset/somalia-administrative-boundaries", "boundarySourceURL": "https//data.humdata.org/dataset/somalia-administrative-boundaries", "sourceDataUpdateDate": "Thu Jan 19 07:31:04 2023", "buildDate": "Dec 12, 2023", "admUnitCount": "1", "meanVertices": "2596.0", "minVertices": "2596", "maxVertices": "2596", "meanPerimeterLengthKM": "5939.438998791556", "maxPerimeterLengthKM": "5939.438998791556", "minPerimeterLengthKM": "5939.438998791556", "meanAreaSqKM": "633043.1964789155", "minAreaSqKM": "633043.1964789155", "maxAreaSqKM": "633043.1964789155"}